{
	"class_name" : "PinholeCameraParameters",
	"extrinsic" : 
	[
		0.70120265573184659,
		-0.034072610268796544,
		-0.71214738139241673,
		0.0,
		0.49731502179385534,
		-0.69235846513557231,
		0.5227977858152153,
		0.0,
		-0.5108743531366422,
		-0.72074878632196482,
		-0.46853877355308826,
		0.0,
		0.42573077437065476,
		0.67978261499743486,
		3.9291766613241572,
		1.0
	],
	"intrinsic" : 
	{
		"height" : 1080,
		"intrinsic_matrix" : 
		[
			935.30743608719376,
			0.0,
			0.0,
			0.0,
			935.30743608719376,
			0.0,
			959.5,
			539.5,
			1.0
		],
		"width" : 1920
	},
	"version_major" : 1,
	"version_minor" : 0
}