{
	"class_name" : "PinholeCameraParameters",
	"extrinsic" : 
	[
		0.83541462193682026,
		-0.23023084631997781,
		-0.49907531180869552,
		0.0,
		0.4024403446322451,
		-0.36220256458647782,
		0.84074435544894277,
		0.0,
		-0.37433164235265992,
		-0.90321816833463064,
		-0.20993513742057374,
		0.0,
		-0.086092457762785624,
		0.31806351652885989,
		3.1761255928898651,
		1.0
	],
	"intrinsic" : 
	{
		"height" : 1080,
		"intrinsic_matrix" : 
		[
			935.30743608719376,
			0.0,
			0.0,
			0.0,
			935.30743608719376,
			0.0,
			959.5,
			539.5,
			1.0
		],
		"width" : 1920
	},
	"version_major" : 1,
	"version_minor" : 0
}